AFG,National Olympic Committee of the  Islamic Republic of Afghanistan,/logos/AFG.jpg,01/01/1936
ALB,Albanian National Olympic Committee,/logos/ALB.jpg,01/01/1959
ALG,Comité Olympique et Sportif Algérien,/logos/ALG.jpg,01/01/1964
ASA,American Samoa National Olympic Committee,/logos/ASA.jpg,01/01/1987
AND,Comitè Olímpic Andorrà,/logos/AND.jpg,01/01/1975
ANG,Comité Olímpico Angolano,/logos/ANG.jpg,01/01/1980
ANT,The Antigua and Barbuda Olympic Association,/logos/ANT.jpg,01/01/1976
ARG,Comité Olímpico Argentino,/logos/ARG.jpg,01/01/1923
ARM,National Olympic Committee of Armenia,/logos/ARM.jpg,01/01/1993
ARU,Comité Olímpico Arubano,/logos/ARU.jpg,01/01/1986
AUS,Australian Olympic Committee Inc.,/logos/AUS.jpg,01/01/3795
AUT,Österreichisches Olympisches Comité,/logos/AUT.jpg,01/01/1912
AZE,National Olympic Committee of the Azerbaijani Republic,/logos/AZE.jpg,01/01/1993
BAH,Bahamas Olympic Committee,/logos/BAH.jpg,01/01/1952
BRN,Bahrain Olympic Committee,/logos/BRN.jpg,01/01/1979
BAN,Bangladesh Olympic Association,/logos/BAN.jpg,01/01/1980
BAR,The Barbados Olympic Association Inc.,/logos/BAR.jpg,01/01/1951
BLR,National Olympic Committee of the Republic of Belarus,/logos/BLR.jpg,01/01/1993
BEL,Comité Olympique et Interfédéral Belge,/logos/BEL.jpg,01/01/1906
BIZ,Belize Olympic and Commonwealth Games Association,/logos/BIZ.jpg,01/01/1968
BEN,Comité National Olympique et Sportif Béninois,/logos/BEN.jpg,01/01/1962
BER,Bermuda Olympic Association,/logos/BER.jpg,01/01/1936
BHU,Bhutan Olympic Committee,/logos/BHU.jpg,01/01/1983
BOL,Comité Olímpico Boliviano,/logos/BOL.jpg,01/01/1936
BIH,Olympic Committee of Bosnia and Herzegovina,/logos/BIH.jpg,01/01/1993
BOT,Botswana National Olympic Committee,/logos/BOT.jpg,01/01/1980
BRA,Comitê Olímpico do Brasil,/logos/BRA.jpg,01/01/1935
BRU,Brunei Darussalam National Olympic Council,/logos/BRU.jpg,01/01/1984
BUL,Bulgarian Olympic Committee,/logos/BUL.jpg,01/01/1924
BUR,Comité National Olympique et des Sports Burkinabè,/logos/BUR.jpg,01/01/1972
BDI,Comité National Olympique du Burundi,/logos/BDI.jpg,01/01/1993
CAM,National Olympic Committee of Cambodia,/logos/CAM.jpg,01/01/1995
CMR,Comité National Olympique et Sportif du Cameroun,/logos/CMR.jpg,01/01/1963
CAN,Canadian Olympic Committee,/logos/CAN.jpg,01/01/1907
CPV,Comité Olímpico Cabo-Verdiano,/logos/CPV.jpg,01/01/1993
CAY,Cayman Islands Olympic Committee,/logos/CAY.jpg,01/01/1976
CAF,Comité National Olympique et Sportif Centrafricain,/logos/CAF.jpg,01/01/1965
CHA,Comité Olympique et Sportif Tchadien,/logos/CHA.jpg,01/01/1964
CHI,Comité Olímpico de Chile,/logos/CHI.jpg,01/01/1934
TPE,Chinese Taipei Olympic Committee,/logos/TPE.jpg,01/01/1960
COL,Comité Olímpico Colombiano,/logos/COL.jpg,01/01/1948
COM,Comité Olympique et Sportif des Iles Comores,/logos/COM.jpg,01/01/1993
CGO,Comité National Olympique et Sportif Congolais,/logos/CGO.jpg,01/01/1964
COK,Cook Islands Sports and National Olympic Committee,/logos/COK.jpg,01/01/1986
CRC,Comité Olímpico Nacional  de Costa Rica,/logos/CRC.jpg,01/01/1936
CIV,Comité National Olympique de Côte d'Ivoire,/logos/CIV.jpg,01/01/1963
CRO,Croatian Olympic Committee,/logos/CRO.jpg,01/01/1993
CUB,Comité Olímpico Cubano,/logos/CUB.jpg,01/01/1955
CYP,The Cyprus National Olympic Committee,/logos/CYP.jpg,01/01/1978
CZE,Czech Olympic Committee,/logos/CZE.jpg,01/01/1993
PRK,Olympic Committee of the Democratic People's Republic of Korea,/logos/PRK.jpg,01/01/1957
COD,Comité Olympique Congolais,/logos/COD.jpg,01/01/1968
DEN,National Olympic Committee and Sports Confederation of Denmark,/logos/DEN.jpg,01/01/1905
DJI,Comité National Olympique et Sportif Djiboutien,/logos/DJI.jpg,01/01/1984
DOM,Comité Olímpico Dominicano,/logos/DOM.jpg,01/01/1954
DMA,Dominica Olympic Committee,/logos/DMA.jpg,01/01/1993
ECU,Comité Olímpico Ecuatoriano,/logos/ECU.jpg,01/01/1959
EGY,Egyptian Olympic Committee,/logos/EGY.jpg,01/01/1910
ESA,Comité Olímpico de El Salvador,/logos/ESA.jpg,01/01/1938
GEQ,Comité Olímpico de  Guinea Ecuatorial,/logos/GEQ.jpg,01/01/1984
ERI,Eritrean National Olympic Committee,/logos/ERI.jpg,01/01/1999
EST,Estonian Olympic Committee,/logos/EST.jpg,01/01/1991
SWZ,Eswatini Olympic and Commonwealth Games Association,/logos/SWZ.jpg,01/01/1972
ETH,Ethiopian Olympic Committee,/logos/ETH.jpg,01/01/1954
FSM,Federated States of Micronesia Olympic Committee,/logos/FSM.jpg,01/01/1997
FIJ,Fiji Association of Sports and National Olympic Committee,/logos/FIJ.jpg,01/01/1955
FIN,Finnish Olympic Committee,/logos/FIN.jpg,01/01/1907
FRA,Comité National Olympique et Sportif Français,/logos/FRA.jpg,01/01/3794
GAB,Comité Olympique Gabonais,/logos/GAB.jpg,01/01/1968
GAM,The Gambia National Olympic Committee,/logos/GAM.jpg,01/01/1976
GEO,Georgian National Olympic Committee,/logos/GEO.jpg,01/01/1993
GER,Deutscher Olympischer Sportbund,/logos/GER.jpg,01/01/3795
GHA,Ghana Olympic Committee,/logos/GHA.jpg,01/01/1951
GBR,British Olympic Association,/logos/GBR.jpg,01/01/1905
GRE,Hellenic Olympic Committee,/logos/GRE.jpg,01/01/3795
GRN,Grenada Olympic Committee,/logos/GRN.jpg,01/01/1984
GUM,Guam National Olympic Committee,/logos/GUM.jpg,01/01/1986
GUA,Comité Olímpico Guatemalteco,/logos/GUA.jpg,01/01/1947
GUI,Comité National Olympique et Sportif Guinéen,/logos/GUI.jpg,01/01/1965
GBS,Comité Olímpico da Guiné-Bissau,/logos/GBS.jpg,01/01/1995
GUY,Guyana Olympic Association,/logos/GUY.jpg,01/01/1948
HAI,Comité Olympique Haïtien,/logos/HAI.jpg,01/01/1924
HON,Comité Olímpico Hondureño,/logos/HON.jpg,01/01/1956
HKG,"Sports Federation & Olympic Committee of Hong Kong, China",/logos/HKG.jpg,01/01/1951
HUN,Hungarian Olympic Committee,/logos/HUN.jpg,01/01/3795
ISL,National Olympic and Sports Association of Iceland,/logos/ISL.jpg,01/01/1935
IND,Indian Olympic Association,/logos/IND.jpg,01/01/1927
INA,Komite Olimpiade Indonesia,/logos/INA.jpg,01/01/1952
IRQ,National Olympic Committee of Iraq,/logos/IRQ.jpg,01/01/1948
IRL,Olympic Federation of Ireland,/logos/IRL.jpg,01/01/1922
IRI,National Olympic Committee of the Islamic Republic of Iran,/logos/IRI.jpg,01/01/1947
ISR,The Olympic Committee of Israel,/logos/ISR.jpg,01/01/1952
ITA,Comitato Olimpico Nazionale Italiano,/logos/ITA.jpg,01/01/1915
JAM,Jamaica Olympic Association,/logos/JAM.jpg,01/01/1936
JPN,Japanese Olympic Committee,/logos/JPN.jpg,01/01/1912
JOR,Jordan Olympic Committee,/logos/JOR.jpg,01/01/1963
KAZ,National Olympic Committee of the Republic of Kazakhstan,/logos/KAZ.jpg,01/01/1993
KEN,National Olympic Committee Kenya,/logos/KEN.jpg,01/01/1955
KIR,Kiribati National Olympic Committee,/logos/KIR.jpg,01/01/2003
KOS,Kosovo Olympic Committee,/logos/KOS.jpg,01/01/2014
KUW,Kuwait Olympic Committee,/logos/KUW.jpg,01/01/1966
KGZ,National Olympic Committee of the Kyrgyz Republic,/logos/KGZ.jpg,01/01/1993
LAO,National Olympic Committee of Lao,/logos/LAO.jpg,01/01/1979
LAT,Latvian Olympic Committee,/logos/LAT.jpg,01/01/1991
lbn,Lebanese Olympic Committee,/logos/lbn.jpg,01/01/1948
LES,Lesotho National Olympic Committee,/logos/LES.jpg,01/01/1972
LBR,Liberia National Olympic Committee,/logos/LBR.jpg,01/01/1955
LBA,Libyan Olympic Committee,/logos/LBA.jpg,01/01/1963
LIE,Liechtenstein Olympic Committee,/logos/LIE.jpg,01/01/1935
LTU,National Olympic Committee of Lithuania,/logos/LTU.jpg,01/01/1991
LUX,Comité Olympique et Sportif Luxembourgeois,/logos/LUX.jpg,01/01/1912
MAD,Comité Olympique Malgache,/logos/MAD.jpg,01/01/1964
MAW,Malawi Olympic Committee,/logos/MAW.jpg,01/01/1968
MAS,Olympic Council of Malaysia,/logos/MAS.jpg,01/01/1954
MDV,Maldives Olympic Committee,/logos/MDV.jpg,01/01/1985
MLI,Comité National Olympique et Sportif du Mali,/logos/MLI.jpg,01/01/1963
MLT,Maltese Olympic Committee,/logos/MLT.jpg,01/01/1936
MHL,Marshall Islands National  Olympic Committee,/logos/MHL.jpg,01/01/2006
MTN,Comité National Olympique et Sportif Mauritanien,/logos/MTN.jpg,01/01/1979
MRI,Mauritius Olympic Committee,/logos/MRI.jpg,01/01/1972
MEX,Comité Olímpico Mexicano,/logos/MEX.jpg,01/01/1923
MON,Comité Olympique Monégasque,/logos/MON.jpg,01/01/1953
MGL,Mongolian National Olympic Committee,/logos/MGL.jpg,01/01/1962
MNE,Montenegrin Olympic Committee,/logos/MNE.jpg,01/01/2007
MAR,Comité National Olympique Marocain,/logos/MAR.jpg,01/01/1959
MOZ,Comité Olímpico Nacional de Moçambique,/logos/MOZ.jpg,01/01/1979
MYA,Myanmar Olympic Committee,/logos/MYA.jpg,01/01/1947
NAM,Namibia National Olympic Committee,/logos/NAM.jpg,01/01/1991
NRU,Nauru Olympic Committee,/logos/NRU.jpg,01/01/1994
NEP,Nepal Olympic Committee,/logos/NEP.jpg,01/01/1963
NED,Nederlands Olympisch Comité* Nederlandse Sport Federatie,/logos/NED.jpg,01/01/1912
NZL,New Zealand Olympic Committee Inc.,/logos/NZL.jpg,01/01/1919
NCA,Comité Olímpico Nicaragüense,/logos/NCA.jpg,01/01/1959
NIG,Comité Olympique et Sportif National du Niger,/logos/NIG.jpg,01/01/1964
NGR,Nigeria Olympic Committee Inc.,/logos/NGR.jpg,01/01/1951
MKD,Olympic Committee of North Macedonia,/logos/MKD.jpg,01/01/1993
NOR,Norwegian Olympic and Paralympic Committee and Confederation of Sports,/logos/NOR.jpg,
OMA,Oman Olympic Committee,/logos/OMA.jpg,01/01/1982
PAK,Pakistan Olympic Association,/logos/PAK.jpg,01/01/1948
PLW,Palau National Olympic Committee,/logos/PLW.jpg,01/01/1999
PLE,Palestine Olympic Committee,/logos/PLE.jpg,
PAN,Comité Olímpico de Panamá,/logos/PAN.jpg,01/01/1947
PNG,Papua New Guinea Olympic Committee  Inc.,/logos/PNG.jpg,01/01/1974
PAR,Comité Olímpico Paraguayo,/logos/PAR.jpg,01/01/1970
CHN,Chinese Olympic Committee,/logos/CHN.jpg,01/01/1979
PER,Comité Olímpico Peruano,/logos/PER.jpg,01/01/1936
PHI,Philippine Olympic Committee,/logos/PHI.jpg,01/01/1929
POL,Polish Olympic Committee,/logos/POL.jpg,01/01/1919
POR,Comité Olímpico de Portugal,/logos/POR.jpg,01/01/1909
PUR,Comité Olímpico de Puerto Rico,/logos/PUR.jpg,01/01/1948
QAT,Qatar Olympic Committee,/logos/QAT.jpg,01/01/1980
KOR,Korean Sport & Olympic Committee,/logos/KOR.jpg,01/01/1947
MDA,National Olympic and Sports Committee of the Republic of Moldova,/logos/MDA.jpg,01/01/1993
ROU,Romanian Olympic and Sports Committee,/logos/ROU.jpg,01/01/1914
ROC,Russian Olympic Committee,/logos/ROC.jpg,01/01/1993
RWA,Comité National Olympique et Sportif du Rwanda,/logos/RWA.jpg,01/01/1984
SKN,St. Kitts and Nevis Olympic Committee,/logos/SKN.jpg,01/01/1993
LCA,St Lucia Olympic Committee,/logos/LCA.jpg,01/01/1993
SAM,Samoa Association of Sports and National Olympic Committee Inc.,/logos/SAM.jpg,01/01/1983
SMR,Comitato Olimpico Nazionale Sammarinese,/logos/SMR.jpg,01/01/1959
STP,Comité Olímpico de São Tomé e Príncipe,/logos/STP.jpg,01/01/1993
KSA,Saudi Arabian Olympic Committee,/logos/KSA.jpg,01/01/1965
SEN,Comité National Olympique et Sportif Sénégalais,/logos/SEN.jpg,01/01/1963
SRB,Olympic Committee of Serbia,/logos/SRB.jpg,01/01/1912
SEY,Seychelles Olympic and Commonwealth Games Association,/logos/SEY.jpg,01/01/1979
SLE,National Olympic Committee of Sierra Leone,/logos/SLE.jpg,01/01/1964
SGP,Singapore National Olympic Council,/logos/SGP.jpg,01/01/1948
SVK,Slovak Olympic and Sports Committee,/logos/SVK.jpg,01/01/1993
SLO,Olympic Committee of Slovenia Association of Sports Federations,/logos/SLO.jpg,01/01/1993
SOL,National Olympic Committee of Solomon Islands,/logos/SOL.jpg,01/01/1983
SOM,Somalia National Olympic Committee,/logos/SOM.jpg,01/01/1972
RSA,South African Sports Confederation and Olympic Committee,/logos/RSA.jpg,01/01/1991
SSD,South Sudan National Olympic Committee,/logos/SSD.jpg,01/01/2015
ESP,Comité Olímpico Español,/logos/ESP.jpg,01/01/1912
SRI,National Olympic Committee of Sri Lanka,/logos/SRI.jpg,01/01/1937
VIN,The St Vincent and the Grenadines National Olympic Committee,/logos/VIN.jpg,01/01/1987
SUD,Sudan Olympic Committee,/logos/SUD.jpg,01/01/1959
SUR,Surinaams Olympisch Comité,/logos/SUR.jpg,01/01/1959
SWE,Swedish Olympic Committee,/logos/SWE.jpg,01/01/1913
SUI,Swiss Olympic Association,/logos/SUI.jpg,01/01/1912
SYR,Syrian Olympic Committee,/logos/SYR.jpg,01/01/1948
TJK,National Olympic Committee of Tajikistan,/logos/TJK.jpg,01/01/1993
THA,National Olympic Committee of Thailand,/logos/THA.jpg,01/01/1950
TLS,Comitê Olímpico Nacional de Timor-Leste,/logos/TLS.jpg,01/01/2003
TOG,Comité National Olympique du Togo,/logos/TOG.jpg,01/01/1965
TGA,Tonga Sports Association and National Olympic Committee,/logos/TGA.jpg,01/01/1984
TTO,Trinidad and Tobago Olympic Committee,/logos/TTO.jpg,01/01/1947
TUN,Comité National Olympique Tunisien,/logos/TUN.jpg,01/01/1957
TUR,Turkish Olympic Committee,/logos/TUR.jpg,01/01/1911
TKM,National Olympic Committee of Turkmenistan,/logos/TKM.jpg,01/01/1993
TUV,Tuvalu Association of Sports and  National Olympic Committee,/logos/TUV.jpg,01/01/2007
UGA,Uganda Olympic Committee,/logos/UGA.jpg,01/01/1956
UKR,National Olympic Committee of Ukraine,/logos/UKR.jpg,01/01/1993
UAE,United Arab Emirates National Olympic Committee,/logos/UAE.jpg,01/01/1980
TAN,Tanzania Olympic Committee,/logos/TAN.jpg,01/01/1968
USA,United States Olympic & Paralympic  Committee,/logos/USA.jpg,01/01/3794
URU,Comité Olímpico Uruguayo,/logos/URU.jpg,01/01/1923
UZB,National Olympic Committee of the Republic of Uzbekistan,/logos/UZB.jpg,01/01/1993
VAN,Vanuatu Association of Sports and National Olympic Committee,/logos/VAN.jpg,01/01/1987
VEN,Comité Olímpico Venezolano,/logos/VEN.jpg,01/01/1935
VIE,Vietnam Olympic Committee,/logos/VIE.jpg,01/01/1979
IVB,British Virgin Islands Olympic Committee,/logos/IVB.jpg,01/01/1982
ISV,Virgin Islands Olympic Committee,/logos/ISV.jpg,01/01/1967
YEM,Yemen Olympic Committee,/logos/YEM.jpg,01/01/1981
ZAM,National Olympic Committee of Zambia,/logos/ZAM.jpg,01/01/1963
ZIM,Zimbabwe Olympic Committee,/logos/ZIM.jpg,01/01/1980
EOR,Refugee Olympic Team,/logos/EOR.jpg,
