1,3x3 Basketball
2,3x3 Basketball
3,Archery
4,Archery
5,Archery
6,Archery
7,Archery
8,Artistic Gymnastics
9,Artistic Gymnastics
10,Artistic Gymnastics
11,Artistic Gymnastics
12,Artistic Gymnastics
13,Artistic Gymnastics
14,Artistic Gymnastics
15,Artistic Gymnastics
16,Artistic Gymnastics
17,Artistic Gymnastics
18,Artistic Gymnastics
19,Artistic Gymnastics
20,Artistic Gymnastics
21,Artistic Gymnastics
22,Artistic Swimming
23,Artistic Swimming
24,Athletics
25,Athletics
26,Athletics
27,Athletics
28,Athletics
29,Athletics
30,Athletics
31,Athletics
32,Athletics
33,Athletics
34,Athletics
35,Athletics
36,Athletics
37,Athletics
38,Athletics
39,Athletics
40,Athletics
41,Athletics
42,Athletics
43,Athletics
44,Athletics
45,Athletics
46,Athletics
47,Athletics
48,Athletics
49,Athletics
50,Athletics
51,Athletics
52,Athletics
53,Athletics
54,Athletics
55,Athletics
56,Athletics
57,Athletics
58,Athletics
59,Athletics
60,Athletics
61,Athletics
62,Athletics
63,Athletics
64,Athletics
65,Athletics
66,Athletics
67,Athletics
68,Athletics
69,Athletics
70,Athletics
71,Athletics
72,Badminton
73,Badminton
74,Badminton
75,Badminton
76,Badminton
77,Baseball/Softball
78,Baseball/Softball
79,Basketball
80,Basketball
81,Beach Volleyball
82,Beach Volleyball
83,Boxing
84,Boxing
85,Boxing
86,Boxing
87,Boxing
88,Boxing
89,Boxing
90,Boxing
91,Boxing
92,Boxing
93,Boxing
94,Boxing
95,Canoe
96,Canoe
97,Canoe
98,Canoe
99,Canoe
100,Canoe
101,Canoe
102,Canoe
103,Canoe
104,Canoe
105,Canoe
106,Canoe
107,Canoe
108,Canoe
109,Canoe
110,Canoe
111,Cycling
112,Cycling
113,Cycling
114,Cycling
115,Cycling
116,Cycling
117,Cycling
118,Cycling
119,Cycling
120,Cycling
121,Cycling
122,Cycling
123,Cycling
124,Cycling
125,Cycling
126,Cycling
127,Cycling
128,Cycling
129,Cycling
130,Cycling
131,Cycling
132,Cycling
133,Diving
134,Diving
135,Diving
136,Diving
137,Diving
138,Diving
139,Diving
140,Diving
141,Equestrian
142,Equestrian
143,Equestrian
144,Equestrian
145,Equestrian
146,Equestrian
147,Fencing
148,Fencing
149,Fencing
150,Fencing
151,Fencing
152,Fencing
153,Fencing
154,Fencing
155,Fencing
156,Fencing
157,Fencing
158,Fencing
159,Football
160,Football
161,Golf
162,Golf
163,Handball
164,Handball
165,Hockey
166,Hockey
167,Judo
168,Judo
169,Judo
170,Judo
171,Judo
172,Judo
173,Judo
174,Judo
175,Judo
176,Judo
177,Judo
178,Judo
179,Judo
180,Judo
181,Judo
182,Karate
183,Karate
184,Karate
185,Karate
186,Karate
187,Karate
188,Karate
189,Karate
190,Marathon Swimming
191,Marathon Swimming
192,Modern Pentathlon
193,Modern Pentathlon
194,Rhythmic Gymnastics
195,Rhythmic Gymnastics
196,Rhythmic Gymnastics
197,Rowing
198,Rowing
199,Rowing
200,Rowing
201,Rowing
202,Rowing
203,Rowing
204,Rowing
205,Rowing
206,Rowing
207,Rowing
208,Rowing
209,Rowing
210,Rowing
211,Rugby Sevens
212,Rugby Sevens
213,Sailing
214,Sailing
215,Sailing
216,Sailing
217,Sailing
218,Sailing
219,Sailing
220,Sailing
221,Sailing
222,Sailing
223,Shooting
224,Shooting
225,Shooting
226,Shooting
227,Shooting
228,Shooting
229,Shooting
230,Shooting
231,Shooting
232,Shooting
233,Shooting
234,Shooting
235,Shooting
236,Shooting
237,Shooting
238,Skateboarding
239,Skateboarding
240,Skateboarding
241,Skateboarding
242,Sport Climbing
243,Sport Climbing
244,Surfing
245,Swimming
246,Swimming
247,Swimming
248,Swimming
249,Swimming
250,Swimming
251,Swimming
252,Swimming
253,Swimming
254,Swimming
255,Swimming
256,Swimming
257,Swimming
258,Swimming
259,Swimming
260,Swimming
261,Swimming
262,Swimming
263,Swimming
264,Swimming
265,Swimming
266,Swimming
267,Swimming
268,Swimming
269,Swimming
270,Swimming
271,Swimming
272,Swimming
273,Swimming
274,Swimming
275,Swimming
276,Swimming
277,Swimming
278,Swimming
279,Table Tennis
280,Table Tennis
281,Table Tennis
282,Table Tennis
283,Table Tennis
284,Taekwondo
285,Taekwondo
286,Taekwondo
287,Taekwondo
288,Taekwondo
289,Taekwondo
290,Taekwondo
291,Taekwondo
292,Tennis
293,Tennis
294,Tennis
295,Tennis
296,Tennis
297,Trampoline Gymnastics
298,Trampoline Gymnastics
299,Triathlon
300,Triathlon
301,Triathlon
302,Volleyball
303,Volleyball
304,Water Polo
305,Water Polo
306,Weightlifting
307,Weightlifting
308,Weightlifting
309,Weightlifting
310,Weightlifting
311,Weightlifting
312,Weightlifting
313,Weightlifting
314,Weightlifting
315,Weightlifting
316,Weightlifting
317,Weightlifting
318,Weightlifting
319,Wrestling
320,Wrestling
321,Wrestling
322,Wrestling
323,Wrestling
324,Wrestling
325,Wrestling
326,Wrestling
327,Wrestling
328,Wrestling
329,Wrestling
330,Wrestling
331,Wrestling
332,Wrestling
333,Wrestling
334,Wrestling
335,Wrestling
336,Wrestling
